City,Region,Population
Таганрог,Ростовская область,245 580
Сыктывкар,Республика Коми,243 279
Нижнекамск,Республика Татарстан,240 127
Нальчик,Кабардино-Балкарская Республика,239 610
Комсомольск-на-Амуре,Хабаровский край,239 386
Шахты,Ростовская область,226 331
Дзержинск,Нижегородская область,225 474
Королев,Московская область,225 271
Энгельс,Саратовская область,225 035
Благовещенск,Амурская область,224 962
Великий Новгород,Новгородская область,224 861
Орск,Оренбургская область,223 305
Старый Оскол,Белгородская область,222 593
Братск,Иркутская область,222 528
Ангарск,Иркутская область,219 745
Люберцы,Московская область,209 582
Псков,Псковская область,209 073
Южно-Сахалинск,Сахалинская область,201 703
Бийск,Алтайский край,196 442
Абакан,Республика Хакасия,187 111
Армавир,Краснодарский край,186 147
Прокопьевск,Кемеровская область,184 856
Балаково,Саратовская область,184 297
Норильск,Красноярский край,184 124
Петропавловск-Камчатский,Камчатский край,181 293
Северодвинск,Архангельская область,179 742
Рыбинск,Ярославская область,179 575
Красногорск,Московская область,174 908
Уссурийск,Приморский край,172 032
Волгодонск,Ростовская область,168 269
Новочеркасск,Ростовская область,163 685
Сызрань,Самарская область,162 886
Каменск-Уральский,Свердловская область,162 553
Златоуст,Челябинская область,159 744
Альметьевск,Республика Татарстан,158 280
Керчь,Республика Крым,150 892
Миасс,Челябинская область,150 339
Электросталь,Московская область,149 136
Хасавюрт,Республика Дагестан,148 274
Салават,Республика Башкортостан,147 739
Пятигорск,Ставропольский край,145 484
Копейск,Челябинская область,145 023
Находка,Приморский край,140 176
Майкоп,Республика Адыгея,139 076
Одинцово,Московская область,138 891
Рубцовск,Алтайский край,137 582
Коломна,Московская область,136 778
Домодедово,Московская область,136 090
Березники,Пермский край,134 750
Каспийск,Республика Дагестан,133 581
Нефтекамск,Республика Башкортостан,132 679
Ковров,Владимирская область,132 372
Щелково,Московская область,128 803
Нефтеюганск,Ханты-Мансийский автономный округ-Югра,128 685
Дербент,Республика Дагестан,127 518
Новочебоксарск,Чувашская республика - Чувашия,127 481
Кисловодск,Ставропольский край,127 304
Батайск,Ростовская область,126 779
Назрань,Республика Ингушетия,125 297
Серпухов,Московская область,124 998
Раменское,Московская область,124 964
Кызыл,Республика Тыва,123 260
Черкесск,Карачаево-Черкесская Республика,122 579
Обнинск,Калужская область,121 508
Новомосковск,Тульская область,120 810
Долгопрудный,Московская область,120 301
Новый Уренгой,Ямало-Ненецкий автономный округ,118 667
Орехово-Зуево,Московская область,117 825
Первоуральск,Свердловская область,117 673
Ессентуки,Ставропольский край,117 168
Невинномысск,Ставропольский край,114 423
Октябрьский,Республика Башкортостан,114 131
Димитровград,Ульяновская область,111 093
Пушкино,Московская область,109 816
Ноябрьск,Ямало-Ненецкий автономный округ,109 488
Реутов,Московская область,108 257
Евпатория,Республика Крым,108 131
Жуковский,Московская область,107 063
Камышин,Волгоградская область,106 879
Ханты-Мансийск,Ханты-Мансийский автономный округ - Югра,105 995
Северск,Томская область,105 238
Артем,Приморский край,104 509
Ачинск,Красноярский край,104 289
Муром,Владимирская область,104 030
Бердск,Новосибирская область,103 544
Элиста,Республика Калмыкия,103 531
Новошахтинск,Ростовская область,103 433
Арзамас,Нижегородская область,102 664
Ногинск,Московская область,101 404
